"",
"ও গূল টোরেন্টও সাইট এ পাবেন",
"",
"আমি টেস্ট করেই কোড ডিসি…",
"এতো কষ্টের কি আছে সাকিব্বাপ.টক,সাকিব্বাপ.মল&আইওভিডিওড্ল.মল থেকে সহজেই ডাউনলোড করা যায়",
"",
"",
"",
"",
"",
"আমি আয়েশী মেথড তা শেয়ার করলাম",
"তাইলে ব্রো আপনি ওল্ড ভার্সন উসে করেন.লিংক ও ওই পেজ এ পাবেন.",
"আপনার ফোন এ মে যে সাপোর্ট করবে নঃ কাস্টম রম উসে করে দেখতে পারেন",
"লিজেন্ড অথর হইয়া এমন বোকার মতো কমেন্ট করবেন আগে ভাবি নাই",
"",
"আমার কাস টোটাল",
"ঐটা উসে করিনি",
"এখন উসে করে দেখুন মোর নিউ ফীচার এন্ড থেমিস এডেড",
"এডিট তা জোস্স্ সিল",
"এই পোস্ট আমি ৩ মন্থ এইজ কর্সিলাম",
"ইটা কোনো পোস্ট হলো কিভাবে সেটিং এ ঢুকতে হয় সেই নিয়ে একটা পোস্ট করেন",
"ভালো করে ট্রাই করেন পাবেন..",
"ভালো ভালো",
"সিরিয়াসলি? কার পোস্ট",
"",
"২২ম্ব ইটা",
"এটা নিয়ে ৬ মন্থ এইজ পোস্ট আসে মিয়া খবর রাখেন",
"আমার তো থাকে না ভি….এস ইউ উইশ…আমি ক্লিপবোর্ড উসে করি ঐটা অনেক কমফোর্টেবলে. আপনি উসে করলে করতে পারেন না করলে নাই…",
"মানে কি?",
"অস্থির পোস্ট এক কথায় অসাধারণ",
"সবই বাটপারি কেও টাকা দিয়ে প্রোপারিতো হবেন না.",
"দন্যবাদ",
"জিপ ফাইল থেকে অপক পাবো কিভাবে?",
"জিপ ফাইল তা ওপেন করলে হত্ম্য ফরমেট এর ফাইল এ কোড তা আচে.",
"জীবাঙলা হই না কেন?",
"জী৬ ফ্রি উসে করার কি কোনো ওয়ে আসে?",
"জী৫ ফ্রি উসে করার কি কোনো ওয়ে আসে?",
"জী বাংলা আসে? বাসার মেয়েরা দেখবে",
"যে একাউন্ট এ হবে সেটা ফব হেল্প এ গিয়া প্রোফাইল লক সার্চ করলেই হবে. আর জিটা হবে না সেটা অভাবেও না.",
"জার্চিভের ট্রাই করতে পারেন",
"জার্চিভের দিয়ে পারবেন. অথবা রিনেম করে .সাপঃ থেকে .জিপ করে নিলেও হবে",
"জার্চিভের বা এস ফাইল এক্সপ্লোরার",
"যারা সব কাজ নিয়ম মেনে কোর্সন তারা ৫০টক পাবেন ইনশাল্লাহ",
"যার টেক্সট এডিট করবেন তাকে প্ল্প ফাইল বা প্রিসেট দিতে বলবেন…প্ল্প ফাইল গুলো পিক্সেলাব এ এডিট করা যায়..!",
"ইউটুবে ভিডিও ডাউনলোড হয়না ভাই",
"ইউটুবে ভিডিও দিলে ভালো হইতো…যারা বুজতেসে নঃ তারা ভিডিও দেখে বুজতে পারতো…!",
"ইউটুবে ভিডিও কপি মার্সেন ভাই.",
"ইউটুবে ভান্সড আ জিমেইল ঈদ অ্যাড করলে কি কোনো প্রব্লেম হতে পারে..",
"ইউটুবে ভান্সড আ জিমেইল অ্যাড করা যায়না কেন প্লিজ হেল্প মি…",
"ইউটুবে থেকে ডাউনলোড হবে?????",
"ইউটুবে থেকে কপি করা কেন? নিজে সে মেক করতে পারো না?",
"ইউটুবে থেকে কপি করে পোস্ট করেন ভালো কথা, বুট কিসব ফালতু পোস্ট !!!",
"ইউটুবে থাইকা লিংক ঠেসান কন",
"ইউটুবে নিউ আপডেট এনএসে এই কারণে এমন হোসে, বুট প্রবলেম নেই. এক দিনের ভিতরে আর একটা নিউ পোস্ট দিবো",
"ইউটুবে লিংক/ ভিডিও লিংক পোস্ট থেকে বিরত থাকুন",
"ইউটুবে এর ভিডিও রেকর্ড করার জন্য কোন আপ্প ভালো?",
"ইউটুবে এর অফলিনে ভিডিও মক্স প্লেয়ার যা দেখার কোনো উপায় আছে কি?",
"ইউটুবে এর ডাটা ক্লিয়ার করেন.. তবু না হইলে ফন তা রিস্টার্ট করেন ১০০% কাজ করবে",
"ইউটুবে এর এড্স কি এই ভাবে রিমুভ করা যাবে",
"ইউটুবে এই যদি সার্চ দিয়া লাগে হলে পোস্ট করলেন কেন ?",
"ইউটুবে এ তো সুন্দর দেখা যায়",
"ইউটুবে এ লগইন হবেনা ইটা দিয়ে",
"ইউটুবে এ খেলা দিয়ে দিসে",
"ইউটুবে ঢাকেন এই ভিডিও গুলো হাজার হাজার ভিউস.",
"ইউটুবে কপি করে পোস্ট করবেন না.ইটা আপনার নিজের পোস্ট যাই হোক তারপর ও ভালো.",
"ইউটুবে ক্লিয়ার ডাটা মারলাম ফন রিস্টার্ট মারলাম স্কিপ অপসন আসে না",
"ইউটুবে চ্যানেল ভিউ হবে..??",
"ইউটুবে এপপ্স থেকে হয়",
"ইউটুবে অ্যাড বন্দ হবে??",
"ইউটুবে অ্যাড বন্ধ হবে",
"ইউটুবে এ তো লগ ইন করা যাচ্ছে না বলছে",
"কি করবো বলেন.",
"শো কোর্স আমার??",
"এটা আমার বহুল বুট আরো কিসু ব্রাউজারের নাম অ্যাড করলে বহাল হয় সেটাই বলতে চেয়েচিলাম",
"ইউ অরে মোস্ট ওয়েলকাম, একটা লাইক হবে নাকি?",
"যেস বুট ঐগুলা অনেক কষ্ট….এই আপ্প দিয়ে সংে কাজ অনেক স্মুথ করা যায়",
"বেশ..ইন্ডিয়া রাখতে হবে",
"বেশ, ঠিক বলসেন..",
"যেস ভাই শো করতাছে",
"যেন এরকম পোস্ট আচে বুট একিরকম এপপ্স না. ইটা আলাদা এপপ্স.",
"যেস এনাবল্ড, এন্ড্রোইড ভার্সন ৯, আপ্প ইনস্টল এ হয় না",
"বেশ বড়ো… এক্সট্রা লিংক অ্যাড করচি বাইত…. অনেক ডাউনলোড হয়ে গেছে হয়তো….তাই এমন দেখাচ্ছে",
"যেস ব্রো মব লাগবে",
"বেশ বড়ো …ইউটুবে এ ৮দ লিখে সার্চ করলে দেখতে পারবেন",
"যেস বাংলাদেশ ইপি বপন লাগবে কেউ ফাস্ট পোস্ট করেন",
"যেন আমি গত ম্যাশ নিবাসী.টেনক্স ফর সেরে",
"যেপ, কাজ করে না.. বুট অনেক ভালো ভাবে বুঝাইসেন স থাঙ্কস",
"য়াসির ভাই পিসিফোন প্রো কানেক্ট করবো কিভাবে জানতে পারি??",
"যঁ৯ টো১৯ উসে কোর্স.",
"ক্স-রায় মেশিন: এম ই আ জোকে তো ইউ",
"সিয়াওমি রেডমি ৬য়া রুয় হয়না বা",
"সিয়াওমি তে অত্ত কিসু লাগে নঃ স্ক্রিন অফ করার জন্য উইডগেটস আছে র স্ক্রিন ও আর ফোন থেকে অপসন আছে??",
"সিয়াওমি রেডমি ৯ প্রাইম এটা কি অফিসিয়াল?",
"সিয়াওমি ফোন উসে করলে অটোমেটিক আপডেট পেয়ে যাবেন . তবে পোর্টেড রম কালেক্ট করি নি আমি .",
"সিয়াওমি ক্লাউড এ ফ্রি (প্রিমিয়াম, গোল্ড, আলট্রা) মেম্বারশিপ পাওয়ার বিষয়ে একটা পোস্ট করেন প্লিজ.",
"সিয়াওমি অথর একাউন্ট লাগবে",
"সদা-ডেভেলপারস এ এই ব্রাউসার এর একটা গুড মদ এসে. তার ডাউনলোড লিংক তা দিবেন প্লিজ. আমি ডাউনলোড করতে পারসী না.",
"",
"সাপঃ ইনস্টল করে কেমনে আবার??",
"বউ. এইরকম মোবাইল এ তো বেস্ট.",
"বউ,,গুড পোস্ট ভাই",
"বউ এই প্রাইস যে এত ভালো ফোন ?",
"বউ মামু",
"বউ কাজে লাগলো ভাই",
"বউ দারুন পোস্ট ভায়া",
"বউ বুট আমি শেয়ার ইট এর ওল্ড ভার্সন উসে করি",
"বউ ব্রো অসাধারণ পোস্ট",
"বউ … অস্থির আপ্প বানাইসেন ভাই … গ অ্যাহেড ……",
"বউ . ভাই আমাকে একটা সমস ফরওয়ার্ড এর টোও বিল্ড করে দিবেন প্লিজ",
"বসম সাইট ব্রো থানক ফর শেয়ার ….ব্রো এটা কি লাইফ টাইম এর জন্য ?না লিমিটে আচ",
"ওয়ার্কিং ভাই… কাজ না হলে এই লিংক এ যান…",
"ওয়ার্কিং পোস্ট ভালো করে ট্রাই করেন",
"ওয়ার্কিং বুট স্পিড কম.জিমেইল & ফেইসবুক লোডিং এ হয় না",
"ওয়ার্কিং ব্রো ভিপিন উসে করুন",
"বরকেড (অনেক সময় নিলো)",
"ওয়ার্ডপ্রেস সারা হবে না?",
"ওয়ান্ডারফুল পোস্ট পিল্স রান এগেইন",
"ওয়ান্ডারফুল পোস্ট ভাইয়া",
"ব্যতীত আপডেট প্লে স্টোরে দেয়া চলবে?",
"ব্যতীত মব চারা বপন গুলো কাজ করেনা…. মব তাকলে কানেক্টেড হয়ে…!!",
"বীনিত পেমেন্ট দেয়, আমি টোটাল ৩০৪টক পেয়েছি.",
"ওয়াইন কোন ভার্সন ডাউনলোড দেব??",
"উইন্ডোজ এর জন্য এরকম একটা হাইস্পীড বপন দরকার…আশা করি নেক্সট পোস্ট এ পাবো",
"উইন্ডোজ এর জন্য আবার ডাউনলোড করলাম…ভাই সংে ইমেইল & পাসওয়ার্ড এ আসে………..",
"উইন্ডোজ বেস্ট ১ তা লোগো ডিসাইনার সফটওয়্যার লিংক দেন",
"বিন ওঃ ভাই বুজেছি",
"উইফি? উইফি হলে ইসপি স্লো আপনার…",
"উইফি বালা গ কারবার. উপলড দিতে এবার বাড়িটি মব খরচ করা লাগে",
"উইফি র খাটরা কি হবে???",
"উইফি হ্যাক করার কনো ট্রিক জানা থাকলে শেয়ার করলে হেল্প হয়ে ব্রো",
"উইফি হ্যাক হবে",
"উইফি হ্যাক এর ওয়ার্কিং কোনো এপপ্স তাকলে লিংক দিয়েন প্লিজ",
"Wifi er tar onk hard, amio try korinai, nethunter install kora lage, wifi adpter o lage amnite jegula ache sob brutforce attack jeta ses hote sara bocor chole jai",
"হোয় … আমার সব ঠিক",
"হোয়াটস্যাপ লিংক অথবা নম্বর দেন ব্রো,,,,",
"হোয়াট’স টুপি খুলে যাবে,,",
"",
"",
"ওয়েলকাম…মে যে পাশের মৌজার ডকুমেন্টস সার্ভার এ সাবমিট হয় নাই….",
"ওয়েলকাম, আনলিমিটেড পসিবলে না ভাই",
"ওয়েবসাইট সারা কি বানানো যাবে?",
"ওয়েবসাইট পাবেন নোকিয়া এর",
"ওয়াটারমার্ক সারা.??",
"ওয়াটারমার্ক নাই",
"ওয়াটারমার্ক ১০০% ফ্রি….বুচও",
"ওয়ার্নিং! খুব বেশি দরকার না হলে এসব আপ্প উসে করা থেকে দূরে থাকুন!",
"ওয়াল্টন সব সময় ওল্ড সিস্টেম এ মনে হয় ফলো করে.যেইখানে অন্য কোম্পানি যেকোন ৪০০০ এর উপর ব্যাটারী ডিসকা র ওয়ালটন ডিসকা ৩৬০০.",
"ওয়াল্টন প্রিমো নঃ২ ৰূট সিস্টেম জানা থাকলে কেউ জানাবেন প্লিজ.",
"বইটি. দেখি মডিফাই করে নিউ আপডেটেড আপলোড ডিসি.",
"বাইট করেন ব্রো…",
"বিট করুন ভাই",
"বিট করুন নিউ আপডেট করতেসি",
"বিট করুন আপনার জন্য মেডিয়াফিরে লিংক বানাসসি",
"ওয়েট করো পোস্ট করবো",
"ভয়পর বপন দিয়ে উস কানেক্ট করলে হবে ভাই.?",
"ভুয়া নিউস ভাই. আজকে বিকাশ ,নগদ থেকে ক্যাশ আউট করলাম.টক কাটে",
"ভুয়া",
"ভুল গুলা ঘর্যে দিন টোও?",
"ভুল",
"ভুয়া,রিপোর্টেড",
"ভুয়া পোস্ট",
"ভুয়া",
"বপন তা বার বার ডিসকানেক্ট হয়ে যাই.",
"বপন সারা মেডিয়াফিরে চালানোর ওয়ে আসে নাকি ? টেলিগ্রাম বোট/ অন্য কনো ওয়ে?",
"ভিপিএন অফ করলে কি আসবে ?",
"বপন নিয়ে সামনে আরো পোস্ট আসবে",
"বপন লাকবে",
"বপন কি??? পাই না…র এইটা দিয়ে ব্যাটারী চার্জ যাই",
"বপন কি অফলিনে হয় নাকি?",
"বপন ইটা কন সিম এ কাজ করবে তা একটু জানালে ভালো হয়…!!",
"বপন এর কোনো প্রব্লেম নাই বা প্রবলেম হলো আপনার",
"বপন ডিসকানেক্ট করে দেখেন প্লে পিঁ চলে যাবে মে যে….যান গেলে আলহামদুলিল্লাহ ভালো",
"",
"বপন কানেক্ট করা আয়গোলা কাজ করা লাগবে নাকি বপন সারা????,,আর ৫০ মিন্টস বুই এর মানে কি,,,,???৫০ মিন্টস বাইত করা লাগবে???,,, নাকি জাস্ট ৪৮৪ এ ক্লিক করা লাগবে???",
"বপন ব্যবহার করসি তাই ভন্ড করে ডাইস এখন ঠিক হয় না",
"ভুছের দিয়ে কি ফ্রি কেনা যাবে?",
"ব্যপী তে নিউ নম্বর দিলাম কোড আচ না,,আপ্প ডাটা ক্লিয়ার করসি তও কোড আচ না কেন?",
"ব্যপী কোড আচ না,,,একবার এর বেয়াই একাউন্ট হয়না,,",
"ব্যপী আপা আর লিংক দেননি কোনো?? প্ল্যে স্টোরে এ আচ???",
"ব্যপী আপা আমার ৭ টাকা কেটে সাফ করে দিয়েছে তারপর তার পিসি",
"ভূপে এপপ্স এ একাউন্ট খুলতে প্রতিবার যত্ন জিপি নম্বর লাগবে? না আগের তা দিলেই হবে??",
"ভূপে এপপ্স এ একাউন্ট খুলতে প্রতিবার যত্ন জিপি নম্বর লাগবে?",
"ভূপে আপ্প যে একটা ডিভাইস এ একটার বেশি একাউন্ট করা যায় না..এই ভাই সেটা বলে নাই....কেউ ট্রায় করিয়েন না..এর শুধু রেফের নেয়ার ধান্দা..",
"ত্রিকব্দ এর ভিয়ার্স দের বলদ পাইসে মনে হয়…",
"ভোকাল পুরোপুরি রিমুভ হয় নাকি থেকেই যায়",
"ব্যস থেকেই ৫.১ রম ডাউনলোড করেন",
"ভামোস প্রো লিংক সে",
"ব্যস আপ্প এ",
"ভামোস আ পুব্দ খালে ২-৪ গ্ব র্যাম াল মোবাইল তো ব্লাস্ট হইয়া যাইবো.",
"ভালোই",
"ভালো সিলো",
"ভালো পোস্ট",
"ভালো লাগলো ব্রো",
"ভালো হইসে থাঙ্কস",
"ভালো",
"ভিয়া আমি খুব বুসি এখন. মনির সরকার কে বলেন.",
"ভিভো-থেমিস.কম থেকে ফুল আর্টিকেল কপি মার্স",
"ভিভো যঁ৯০ এর বাৎলাদের আনলক করবো কি ভাবে?",
"ভিভো যঁ৮৩ প্রো এর কোনো তোরপি পাচ্চি না. র স্টক বুট.ইমগ্রে কিভাবে ব্যাকআপ নিবো",
"ভিভো তে ভালো গেম খেলা যায় না……..ত ইটেল",
"ভিভো ফোন নিয়ে কোনো সন্দেহ নাই. অল টাইম সংে সার্ভিস দিবে",
"ভিভো মোবাইল হয় না",
"ভিভো মোবাইল দিয়ে থাকে",
"ভিশন ১ প্লাস এ ১০ও চার্জার আছে",
"ভাইরাস ডাউনলোড করলে আবার ভাইরাস ডিটেক্ট যার কারণে অফ হবে না তো ডাউনলোড?",
"ভার্চুয়াল সপোসিড আপ্প দিয়ে কি ফ/পুব্দ হ্যাক করলে প্রব্লেম?",
"ভার্চুয়াল লঞ্চার এ সপোসিড ইনস্টল দিয়ে কি উসে করা যেতে পারে? যেমন কিসু গেম হ্যাক এর টুল উসে করা যাই ভার্চুয়াল লঞ্চার দিয়ে?",
"ভার্চুয়াল বক্স দিয়ে পারবেন",
"ভিপি সার্ভারগুলো কানেক্ট হয় না কোনো…?",
"ভাই বলার ভাষা হারায় ফেলছে আমার কাছে উনুপদাতে তা আছে ঐটাও সংে কাজ করে প্লতাগণ এর",
"ভিউ অল সাবস্ক্রিপশন থেকে পেলাম. থ্যাংকস ভাইয়া.",
"ভিদমাতে এর থেকে ভিডিওদের অনেক ভালো..ভিদমাতে উসে করা বাদ দিয়া ডিসি",
"ভিদমাতে দিয়া হয়.",
"ভিদমাতে এর থেকে “ভিডিওদের” অনেক ভালো.. আপ্প সাইজও ও কম র ফীচার ও ভিদ্মাতে এর থেকে বেশি ভালো..",
"ভিডিওদের উসে করে দেইখেন,ভিদমাতে র ভালো লাগবে না",
"ভিডিওদের প্রো এর মতো মনে হাসে.",
"ভিডিওদের এ অনেক প্রবলেম সিলো ও গূল ফিক্স কোর্স নাকি ভাই",
"ভিডিও টিউটোরিয়াল তা দেখুন কিন্ডলী হয়ে যাবেই….",
"ভিডিও টিউটোরিয়াল দিলে ভালো হয়.",
"ভিডিও তে যেমন দেখানো হইসে তেমন প্রায়, ১০ম্বপ্স মতো.",
"ভিডিও তে এসে.",
"ভিডিও তা ফুল ডাকেন ১০০% কাজ হবে",
"ভিডিও সেও করার সিস্টেম তা বললে ভালো হতো",
"ভিডিও প্রিন্ট ক্লিন তাকে",
"ভিডিও প্লে হয় না…ফালতু পোস্ট",
"ভিডিও ওর ওঠের ডকুমেন্ট নিয়ে এসে যাবে না",
"ভিডিও লেয়ার অ্যাড এসে তো…অনেক এপপ্স এ তো পাই না",
"ভিডিও লেয়ার নাই",
"ভিডিও লেয়ার কয়টা সাপোর্ট করি ভাই",
"ভিডিও এমবেড করেন",
"ভিডিও এমবেড হয়নি",
"ভিডিও দিলে আরো বেস্ট হতো ….",
"ভিডিও দিবো কাল",
"ভিডিও দেড়",
"ভিডিও বানানো যাবে?",
"বিয়া পুব্দ মোবাইল হ্যাক এর ফুল প্রসেস এন্ড স্ক্রিপ্ট তা যদি একটু দিতেন প্লিজ.",
"বিয়া কিন্ডলী এই লিংক এ ভিসিট করে অনলাইন এ আবেদন করুন",
"ভিয়া ইস বেস্ট . আমার কাসে",
"বিয়া এপপ্স তা তো ওপেন হয় না ফোন কি ৰূট করা লাগবে",
"ভিয়া আপ্নের অন্য একটা পোস্ট এ আমি কমেন্ট কোরেসি পল্স রেপ্লি দেন…",
"ভিয়া আপনার মেসেজ অপসন নেই…",
"বিয়া অপক সাইজও তা পোস্ট এ অ্যাড করেন…",
"ভিয়া এইটা কি রূটেড যে কোনো এপপ্স সাপোর্ট করবে???",
"বিয়া ১০০ % কাজ হবে কে",
"ভি…জিমেইল কোর্সই",
"ভি,আপনার ব্রাউসার এ সমস্যা.অন্য কারুর তো প্রবলেম হচ্ছে না",
"ভি তাহলে স্যামসুং ম্০১ এর বর্তমান মার্কেট প্রাইস কত?",
"ভি সামসুং গ্যালাক্সি সম-জ্৭০০হ ৰূট করতে চাই..এটা করা যাবে কি? কেউ হেল্প করবেন প্লিজ?",
"ভি ষ্টার জলসা মুভি এটা পাইলাম না",
"ভি স্যামসুং অ০১ এর কথা বলি নাই ম্০১ এর কথা বলতেসি",
"ভি পুব্দ মোবাইল হ্যাক নিয়ে কেউ একটা পোস্ট করেন প্লিজ…",
"ভি পুব্দ হ্যাক নিয়ে কেউ একটা পোস্ট করেন প্লিজ….",
"ভি ওটা ফব ঈদ হ্যাক না ভি, ওটা জাস্ট ফান লাইক পেজ,,, যাগ্গে কোড বুজিয়েন ভি… হকও কথা বলিলেন না",
"ভি কোনো পিকচার ক কি বার্কোডে বানানো যাবে",
"ভি খুব সুন্দর করে বুঝিয়েছেন,আমিও একজন কাস্টম রম ইউসার",
"ভি কাজ কাম পাচ্চেন নঃ ??",
"ভি জোট কোকিয়ে দেন ১হ র্তে ১দ এর বেশি ছিল না",
"ভি ইনস্টল হচ্ছে না…কি করবো?",
"ভি হিউমান ভেরিফিকেশন প্রব্লেম হচ্চে",
"ভি হিন্দি ডুববেদ মুভ গুলা কি",
"ভি ফ্রি ডাউনলোড লিংক দিন…",
"ভি ফব লিংক তা দেন আপনার",
"Vi fb accept koren ডলি রায় user ke",
"ভি ফাঁকে মেইল কোন সাইট থাইকা নিবো",
"ভি এই তা তো নরমাল স্পিড",
"ভি ডাউনলোড হয় না",
"ভি কম্পিউটার এ কামনা করবো পারলে ভি ভিডিও তা ডিন",
"ভি ক্যাশ আউট দেয়া টাকা কাটবে কি",
"ভি বিকাশ বলতাসে পাবো না",
"ভি বাহের আর নম্বর দেয়া কি হ্যাক হয়",
"",
"ভি আর থাকে #পান্ডা #গেম বোস্টার অনেক ভালো",
"ভি আপা আমার না.লিংক জানলে আমি নিজেই সাইট এ দিতাম",
"ভি আপনার কন্টাক্ট নম্বর অথবা ফেইসবুক/টেলিগ্রাম ঈদ দেয়া যাবে?",
"ভি আপনার ফব ঈদ আর লিংক দেন প্লিজ",
"ভি আপনার ফেইসবুক ঈদ দেন",
"",
"ভি অংশ করেন প্লিজ কানেক্টেড হয়ে গেম ওপেন হওয়ার পরে একটু প্লে হয় ভালোই বট একটু পরে সার্ভার টাইম আউট বলসে বার বার গেম খেলায় গ্যাসে না প্লিজ অন্স করবেন",
"ভি আমি নুতন জেতাই ফেইসবুক ই’ডঃ কুলচি সব ই’দ নষ্ট হয় যা কাছে..",
"ভি আমি কমেন্ট এ আপনার পোস্ট লেখার ধরণ তা কে ইন্ডিকেটে কোরেশি….",
"ভি আমি একটা পোস্ট করতে চাই আমার কাসে প্রিমিয়াম বপন আপ্প এসে",
"ভি আমি একটা পোস্ট কোর্স একটু রিভিউ করেন..প্লিজ",
"ভি আমি একবার ইনস্টল দিসিলাম বুট শেয়ার আ টপ্ করে দেখি যে ব্লুএটুথ ওপেন হোসকে সেজন্য আমি উনস্টল করে দিসি",
"ভি আমার তো স্কিপে এর সেটিং অপসন আ ঐসব নেয়",
"ভি আমার একটা কস্টিং যা, যখন তেমুক্স এক্সিট করি তখন হ্যাক করা পাসওয়ার্ড পেজ তা হারিয়ে যাই আর নগরক আর লিংক তা কাজ করা না. কি করা আর দাতাবাসেস বানাবো.",
"ভি আমার এয়ারটেল সিম এর ডাটা কানেকশন অন হাসে না, এখন কি ভাবে প্রব্লেম তা সল্ভ করবো প্লিজ বলবেন….",
"Vi amader to amber it a broadband line neya jara bolcilo tadee akta app dia tader wifi use kore daily 3 hour naki kotha bola jabe kintu amra r kusu kori ni akhon ai app ta kina jani na",
"ভি এইটা দিয়া তো খতিয়ান নং আসে না",
"ভি এই এপপ্স তাই গুগল অ্যাড ক্যামনে যোগ করবো ভি??",
"ভি এগুলো দেয়া কুলিয়া চে ডিসএবল হয়ে যাচ্ছেন",
"ভি যা তা তো ইনস্টল হয় না,",
"ভি .. কিভাবে ৰূট করবো.. করা যাবে কি?",
"চি. এখন থো এই গুলা ওয়ার্ক করে ন্স",
"চি.এটা কি কোনো পোস্ট হইলো,,,,,,",
"বহি স দিতাম বুট দেয়ার তো সিস্টেম নাই",
"বহাল পোস্ট তবে",
"ভহইয়া মেসেঞ্জার লিতে আ মোড করে চ্যাট হেড অ্যাড করে দিতে পারবেন? ? (আমার ফন আ মেসেঞ্জার সাপোর্ট করেনা)",
"ভহইয়া আমার ফন আ মেসেঞ্জার সাপোর্ট করেনা ..প্লিজ আমার জন্য কি মেসেঞ্জার লিতে মোড করে চ্যাট হেড অ্যাড করে দেওয়া যাবে ?",
"বহায়…ট্রি কোরেসিলাম বুট মাইবে আমার ফোন এ সাপোর্ট করে না….ব্যস এ রম রান করলে বুটিং ৯৯% হবার পরে ব্ল্যাক স্ক্রিন হইয়া থাকে….",
"বহায়…সং অফলিনে ডাউনলোড হয় না….",
"বহায়…পোস্ট এ লিখা নিউ ভার্সন ১.৮",
"বহায়…পার্মানেন্ট কিসু একটা ব্যবস্থা করেন….সেই অপেক্ষায় রইলাম….",
"বহায় ভিডিও টিউটোরিয়াল করুন আর একটা ট্রেইলার করুন জোস্স্ হবে",
"বহি স তুল্লে কি অটো ফ্রাম অ্যাড হবে নাকে.. আপ্পা আ যাইয়া ফ্রাম সেট করতে হবে",
"বহায় সব গলা ১ বরে জিপ ফাইল করে দিলে ভালো হতো… আপনার ও সময় বাজেট আমার…",
"বহি রেসি ভার্চুয়াল মাতছিন এ ক্লিক করলে কোনো রম আসে না..বহায়…জিপ আনজিপ করে স্টোরেজে এ রাখসে তাও রম আসে না",
"বহায় প্রোফাইল লক কোথায় করে ???",
"বহি লিংক ওয়ার্কিং নাউ চেক",
"Bhai apne bolle to r best hobena,,parle java play store a duita app er Raring deikha asen.musicolet 4.7..r apnr ta only 4.4..musicolet a oitar moto kono mode lagena bujhsen vai..",
"বহিঃ আপনার ঈদ কই গেল ডিএক্টিভেট নাকি?",
"বহি অপক আ না থাকলেও আপনি ইয়াসিলি ফোন থেকে অপক হিদে করতে পারবেন (মাইবে সব ডিভাইস যা হয়না)",
"বহায় আমাজন প্রাইম ভিডিও তা একটু দেখবেন…",
"বহায় এই ভিপিন এর কাজ কী?",
"বহায় আগেও ইটা নিয়া পোস্ট হইসে ত্রিকব্দ তে দেখবেন প্লিজ,",
"এমন ভাবেই ভালো ভালো পোস্ট দিয়ে যাবেন আশা রাখি…",
"ভার্সন কোটো ভাই",
"ভার্সন কতো বড়ো ?",
"ভার্সন কোটো",
"ভার্সন চলে ভ্৩-বুইলেড-৮টো-প্লে, র তুমি দিছ ৮১৮, পবের্যাম্প নাম তকে রিপ্লেস করে মনির সরকার নাম তা বসানো খুব বেশি ইম্পরট্যান্ট? তার চাইতে বেটার",
"ভেরিফায়িং কোড এ আসে না না না",
"ভেরিফাই করতে ৩ দিন লাগে মাত্র আপনি নিজে করতে পারবেন",
"ভেরিফিকেশন সারা কি টক আউট করা যাবে না?র এক্সচেঞ্জেবদ কি ট্রাস্টেড..?",
"ভিডিও এর ভয়েস কি চেঞ্জ হবে???",
"ভায়া র্যাম কেমন লাগবে এন্ড স্টোরেজ কতটুকু খাবে?",
"ভায়া এটিএম কার্ড কি ভাবে পাবো একটু ডিটেলস যা বলা ভালো হলো",
"ভায়া আপনি বললেন না যে গেম খেলে পয়েন্ট কর্সেন মাঝে মাঝে অফার আসে",
"ভাই টক্ টাইম আপ্প তার লিংক তা দেন ভাই",
"ভাই সিনুপে করা যায়না?",
"ভাই রুট করলে কি ফোনের কোনো ক্ষতি হবে নাকি",
"ভাই একটা এপপ্স মোড করলাম বুট",
"ভাই কন্টাক্ট মে ১৫$ সেল হবে……রাতে ৯২টিক একসাতে নেলা………আর অমনি ২-৫$ নালা রাতে ৯৫টক….",
"ভ্যাট সোহো কোটো ?",
"ভাও টাইটেল দেখে ফুল ১ মিনিটস হেসেসি, ললস্ত",
"ভ্যালুএবলে পোস্ট…..",
"ভালোই লাগলো",
"ভালোই",
"ভালোই তো এডিট করেছেন.আপনার একাউন্ট এ অনলি ৪৭০ তা ফলোয়ার.বোকা পেয়েছেন সবাইকে?",
"ভালোই তবে পিওর পিচ্ দেখা গেলে ভালো হতো",
"ভালোই অন্যের কাজ নিজের চালিয়ে দেওয়া",
"ভালো.বুট, আপনি কপি সে উসে কেন করেন.",
"ভালো.বুট আরো ক্রিয়েটিভ হওয়া দরকার ছিলো.",
"ভালো ভাবে ট্রাই করে দেখেন.",
"ভালো ভাবে দেখে আবার করেন",
"ভালো পোস্ট বা শর্ট লিংক করার জন্যে রিপোর্টেড",
"ভালো মানের পোস্ট করে .. আবার রিকোয়েস্ট দেন!!",
"ভালো মানের ৩টা পোস্ট করে অথর রিকোয়েস্ট পাঠান.",
"ভালো লাগলো ভাই",
"ভালো লাগলো ভাইয়া ট্রাই করবো",
"ভালো লাগলো … সুন্দর পোস্ট.",
"ভালো লাগলো",
"ভালো লাগলে লাইক দিয়েন",
"ভালো লাগেনি",
"ভালো লাগছে তাই তো ওটা লিখলাম",
"ভালো লাগসে ব্রো.",
"ভালো কথা. হা ইটা এসে. আরও আছে চ্যানেল (চ্যাট চ্যানেল)",
"ভালো কোটা বলা যাবে",
"ভালো করে সেটিং গিয়ে দেখেন আসে",
"ভালো করে দেখেন",
"ভালো কিস দেন..জেতার ডেট আছে ১০০% কাজ করে…ভাই আমি সিপা করি..অনেক কাজ এ লাগে..দিলে হেল্প হতো",
"Valo kichu share korun..ei dhoroner readymade jiniser prochar kore programming er proti notunder agroho komaben na…parle coding er maddhome kivabe kora zay se sommondhe tutorial den",
"পারলে কোডিং এর মাধ্যমে কিভাবে করা যায় সে সম্বন্ধে টিউটোরিয়াল দেন",
"ভালো হলে ভালো",
"ভালো একটা টিপস দেখে ভালো লাগবে",
"ভালো ছিলো",
"ভালো চালিয়ে যান",
"ভালো বুট সামনে রেকর্ড হয় না",
"ভালো বুট পিচ্ গূল নেগিটিভ দেখা যাবে",
"ভালো ব্রো",
"ভালো আপ্প",
"ভালো",
"ভালো",
"ভালিবপুষ্ট",
"ভাল লাগলো",
"ভাল",
"ভাই,,কেউ কি ওয়েবসাইট এর রেজিস্ট্রেশন & লগইন ফ্রম হত্ম্য কোড দিতে পারবেন",
"ভাইয়ার ফব লিংক হবে??",
"ভাইয়া…আমার ফাস্ট চার্জিং টেকনোলজি…ক্যাবল নষ্ট হয় জিয়াকে….অন্য সব ক্যাবল দেয়া চার্জ হয় না….",
"ভাইয়া….অটো লাইক আপ্প এর বিষয়ে পারলে কিছু লিখেন.",
"ভাইয়া… ভিভো যঁ৯১ কিভাবে ৰূট করবো? ভি.৮.১.০",
"ভাইয়া… এটা দিয়ে কি উইফি আর পাসওয়ার্ড হ্যাক করা যাবে….???",
"ভাইয়া.. এটার কাজ কি হবে",
"ভাইয়া, পিডিএফ রিডার এপপ্স গূল প্রো করে দিবেন.নাইস পোস্ট ফরএভার",
"ভাইয়া, এই মব কি আপনার মাইন্ সিম এ অ্যাড হইসে?…..",
"ভাইয়া, ব্লগ সাইট কিবাভে সেও করবো? এবং, কিবাভে .ক্সিজ ডোমেইন ব্লগ এ অ্যাড করবো?",
"ভাইয়া,",
"",
"ভাইয়া ভেরিফাই করতে গেলে নিদ্ এর পিচ্ ফোকাস দে নঃ",
"ভাইয়া উফ বপন মোড ভার্সন তা দিন পিলজজ",
"ভাইয়া ত্রিকব্দ তেই আছে খুঁজে নেন..",
"ভাইয়া টেলিগ্রাম এ অ্যাড হতে পারসী না কেন",
"ভাইয়া সিম্ফনি ঈ৯০ ২জিবি র্যাম ৰূট করে কিভাবে?? মোবাইল দিয়ে কি ঈ৯০ রুট করা যায়…..??? ৰূট কিভাবে করা যাবে ভাই হেল্প মি পিলিজ???",
"ভাইয়া সিম্ফনি ঈ৯০ ২ গ্ব র্যাম কিভাবে ৰূট করবো….?? প্লিজ হেল্প মি……মোবাইল দিয়ে ৰূট করব কিভাবে???",
"ভাইয়া ৰূট লেকার ড্রসিল কারণ সপোসিড ইন্সটলের জাস্ট রূটেড ফোনেই কাজ করবে",
"ভাইয়া রেলমে সি২শ কি এখন যেকোনো শোরুম এ অভায়লাবলে ?",
"ভাইয়া নেটফ্লিক্স এই প্রিমিয়াম ভার্সন তা দেন প্লিজ",
"ভাইয়া লিংক তা আপডেট করেন.ডাউনলোড হচ্ছে নঃ.৪০৪ ফোরবিদদেন দেখাচ্ছে.",
"ভাইয়া লগ ভ্৩০+ এর জ ফোন তার কথা বলতেসেন ওটা কি কপি ফোন?",
"ভাইয়া কোনো তার এ তো ফ্রি ট্রায়াল নিতে পারতেসি না.. পেমেন্ট ডিক্লাইনেড দেখায়.. কি করবো .?. প্লিজ বলেন",
"ভাইয়া কিসু ক্ষন পর অটো কাটো হয়ে যায়..এইটা ফিক্স করবো কিভাবে ? মানে ডাইরেক্ট হোম পেজ এ নিয়ে আসে",
"ভাইয়া গুগল ড্রাইভ আপলোড দিয়ে লিংক তা দিলে ভালো হইতো",
"ভাইয়া ফাস্ট পার্ট এ একাউন্ট খোলার সময় কি নমুমির ইনফরমেশন দিতে হবে…নাকি না দিলেও কবে",
"ভাইয়া এই মেইল কি লগ ইন করা যাই না,,,",
"ভাইয়া এই মেইল দিয়ে ইট আ লগ ইন হই না কেন?",
"ভাইয়া এয়ার্নিং পোস্ট তা করেন প্লিজ",
"ভাইয়া ডিভাইস নোট্ কমপ্যাটিবল দেখায়……. এন্ড্রোইড ভার্সন ৭.১.২",
"ভাইয়া বিন কিভাবে ক্রিটে করতে হয় সেটা নিয়ে পোস্ট করেন প্লিজ.. মানে কীভাবে বুঝব যে এইখানে কোন বিন তা দিতে হবে ?",
"",
"ভাইয়া এভাস্ট নিয়ে তো আর পোস্ট দিলেন না!",
"ভাইয়া এটা ইনকাম এর সাইট না .শুধু মাত্র একটি পোস্টার জন্য কিচু টক দয়া হয়.আপনি পোস্ট করলেই টক পাবেন",
"ভাইয়া এটা দিয়ে কি কি করতে পারবো?",
"ভাইয়া আপনি ইনবক্স এ আসেন",
"",
"",
"ভাইয়া আপনাকে ফব তে সমস ডিসি, গেম খেলে পয়েন্ট অ্যাড হাসে না",
"ভাইয়া এন্ড্রো আপা তার ডাউনলোড লিংক তা দেবেন প্লিজ",
"ভাইয়া আমার নাম্বার সহ ফোন হারিয়ে গ্যাসে.. আমি কি লোকেশন দেখতে পারবো",
"ভাইয়া আমি স্টুডেন্ট নিদ্ নাই .এখন স্টুডেন্ট একাউন্ট খুলে যাবে",
"ভাইয়া আমি ফটোশপ এর কাজ বেশি একটা পারিনা….তবে আপনি ইউটুবে সার্চ করে ফটোশপ টিউটোরিয়াল দেখে কাজ করতে পারেন….",
"ভাইয়া আমি মদ ভার্সন তা ডাউনলোড করতে কাইতেসি বুট হচ্চে না কি করবো",
"ভাইয়া আমার পিসি নাই…",
"Vaiya amar kache mb nei hoyto ba goole ba playstore seach korle pete paren links khuje je dibo amar kache borto mare mb nei bro donoBad vaiya eto sundhor ekta comment korar jone",
"ভাইয়া আমার কমেন্ট আর রেপ্লি পাই নঃ কনো..?",
"ভাইয়া এই এপপ্স তা লিতে+ঝামেলা কম",
"ভাইয়া এইজ অথর দিলাম আমি",
"ভাইয়া আবার অফার আসলে আমাদের কে জানাই যেন",
"",
"বাইরে বার বার আপনার নাম শো করে যা আমার কাছে ভালো লাগে নি.",
"বাইরে আপনারা যে কি খালি ওয়েবসাইট থেকে স নিয়ে পোস্ট করেন কোনো বিস্তারিত আলোচনা নেই বাইরে সবাই আগলা সাইট ডেইলি ভিসিট করে",
"ভাইজান লিংক ঠিক আচে এগেইন ট্রি",
"ভাইয়া টিভি সিদে গোলা মেরে করলেই ভালো হয়",
"ভাইয়া মেইল তো লাগলোয়… ইটা টেম্প বুট তাও তো মেইল এ তাই না?",
"ভাই যদি ভিভো যঁ৯০ এর বুটলোয়াদের আনলক এর পোস্ট করলে পারতেন বা হেল্প দিতে পারতেন অনেক উপকার হতো অনেক দিন যাবৎ ট্রি করতেসি বুট কিচুতেই আনলক করতে পারতেসি নঃ",
"ভাইয়া…কিসু মনে করেন না..বুট পর্ব গুলা খব দেরিতে দিসেন…যদি একটু ফাস্ট দিতেন ভালো হতো এমডির জন্য… বই টি ওয়ে থাঙ্কস ফর টি পোস্ট",
"ভাইয়া.. পোস্ট তা অনেক সুন্দর হয়েছে…",
"ভাইয়া ওয়েটিং ফর নেক্সট পার্ট",
"ভাইয়া ফন এর মসজি এর রেপ্লি অপসন না",
"ভাইয়া পান্ডা সিকিউরিটি এর কি এরকম কোনো লিস্ট দিতে পারবেন?",
"ভাইয়া নেক্সট পোস্ট প্লিজ",
"ভাইয়া নেট কানেকশন লাগবে নাকি ?",
"ভাইয়া মোড আপ্প ডাউনলোড করার ভালো কুনু আপ্প বা সাইট থাকলে বলুন প্লিজ",
"ভাইয়া ফ্রি ফায়ার মদ তা কি কাজ করে? আর ইটা উসে করতে কি ইউসার & পাস লাগবে?",
"ভাইয়া এটা বিকাশ এর নিরাপত্তার জন্য করা হাসি…আপনার একাউন্ট যেনো সুরক্ষিত থাকে সেজন্য অটোমেটিক লগ আউট হয়ে যাবে জোত্নার আপনি আপ্প থেকে বের হয়ে আসবেন.",
"ভাইয়া এটা আপ্প এর মদ. র আমি উসে করার ট্রিক তা দিলাম.",
"ভাইয়া আপা তা ভালো.কিন্তু বারবার আপডেট চাচ্ছে যে",
"ভাইয়া আপনি কি গিফট কার্ড বিরকি করেন?",
"ভাইয়া আপনি জানিস… তাই বলে সবাইতো এক নয়…অনেক মানুষ্ পাবেন ভাই যারা এটা জানেনা…নামক একজন আ জিজ্ঞাসা করসিলো..তাই পোস্ট করসি….",
"ভাইয়া আপনার সকল প্রো ভার্সন আপা গুলাই চাই আমাদের",
"ভাই…তোলক টাইম এপপ্স তার ক্রেডিট হ্যাক করার জন্য টেক্সটনও আপ্প তো অফ করে দিচ্ছে…আনলিমিটেড নম্বর মেক করার একটা পোস্ট দিয়েন.",
"ভাই…রেলমে সি২শ ফন লাগবে ৩ তা…",
"ভাই…মাসিক আসে না অনেক বার স্ক্যান কোর্স",
"ভাই…গেম এখনো পাব্লিশে হয়নি…",
"ভাই…আর ২৪ হৌর বাইত করেন..আমার ফব ঈদ ব্যাক আসবে আমি রিকোয়েস্ট পাঠিয়ে ডিসি…",
"ভাই…আপ্প তো ওপেন হয় না..এরর দেখায়…",
"ভাই…আপনার বিল্লেদ তো.সব টক. ০০ কিভাবে…হলো সে তা একটু বুঝিয়ে বলেন",
"ভাই…আজ এ প্লে স্টোরে থেকে আপ্প ডাউনলোড দিয়ে..একাউন্ট খুলে ১০০ টক পাইছি",
"ভাই….অতপঃ হয়না",
"ভাই….অনেকেই বলে সিয়াওমি সেট নাকি ব্লাস্ট হয়???",
"ভাই….এক্ষেত্রে কি এন্ড্রোইড ফন দিয়া রেফার করতে হবে নাকি ক্লিয়ার ডাটা করে ইনভিটে করলেও টাকা পাবো…",
"ভাই….. ২ তা লিংক ডিসেন…… ২ তাই কি একই বপন",
"ভাই…..",
"ভাই…. ইমো তা তে গ্রুপ নোটিফিকেশন, স্টোরি নোটিফিকেশন এইগুলু অফ হয়না কেন? অফ করলে অটোমেটিক অন হয়ে যায় দেখলাম….??",
"ভাই…. ডাইরেক্ট লিংক দেন…",
"ভাই… ডাউনলোড হাসে না তো",
"ভাই… পোস্ট গুলা মোটামুটি ভালোই করেন… বুট আপ এর ভার্সন, আপ্প সাইজও কেন দেন না?? নেক্সট পোস্ট গুলায় ভার্সন, সাইজও দিবেন আরো ভালো হবে…",
"ভাই… বাংলা ফ্রন্ট কি সাপোর্ট করে.?",
"ভাই… আমি ১,২,৪ নো উসে করতেসি…. ৩টাই দেখেন… কোন তা ভালো লাগে",
"ভাই.অফার তা কি ৪গ সিম এর জন্য",
"ভাই..রে তাদের অত্যাচারে কোনো আপ্প-এই টিকবেনা,,,",
"ভাই..পেমেন্ট মেথড অ্যাড হয় কিন্তু ট্রায়াল নিতে গেলে পুরচাষে সাকসেস হয় না",
"ভাই..লোড দেশে বুট মব আসলো না",
"ভাই..আমার ডলার রেডিম ক্রয়ে গেলে হয়না…একটাই লেখা আসে..আপনিই আপনার ফব ঈদটা দিবেন..ওখানে পিচ্ তা দিতাম..র সল্যুশন তা নিতাম",
"ভাই..এই এপপ্স তা আমি নিজে ও উসে করি… র আপনার ভালো না লাগলে এড়িয়ে যাবেন.. টনক",
"ভাই.. ইউটুবে ফেইসবুক কারা র অন্যকিকা কসেন..প্লিজ হেল্প",
"ভাই. নতুন একাউন্ট করতে নতুন নম্বর লাগে.. এখন. করবো ২ তা নম্বর ছিল. শেষ..",
"ভাই. নাম গুলো আপ্পস এর ভিতর… সে জন্য এপপ্স রিভিউ দেয়া হইসে..",
"ভাই,উইফি এর স্পিড বাড়ানোর ট্রিক দিন",
"ভাই,ভোপি আপ্প এর সল্যুশন চাই",
"ভাই,ভালো কিছুর রিভিউ দেন.",
"ভাই,তোর এর সাথে কানেক্ট করে কিভাবে?",
"ভাই,নিজের আপ্প হইলে এইটা থেকে এডঃ রিমুভ করে ত্রিকব্দ তে দিতাম না.সিজ আদি থেকেই আর্নিং হয়.",
"ভাই,কেউ আমাকে তরিক্বদ এর মতো লাইক বাটন এর হত্ম্য কোড তা দিতে পারবেন,দিলে খুব ভালো হতো…",
"ভাই,হুয়াওয়েই এর বুটলোয়াদের আনলক নিয়া পোস্ট করেন প্লিজ",
"ভাই,একটু দেখেন,কিভাবে ভোপি আপ্প দিয়ে আবার নম্বর বানাবো",
"ভাই,দিনে তো ২৫ তা ক্রেডিট ও হাসে না… র ১০০০ ক্রেডিট এ ১$..",
"ভাই,ব্রেভ ব্রাউসার এ কি ক্রোম এর মতো ওয়েবপেজ ডার্ক করা যায়?",
"ভাই,অ্যাসেট স্টোরে কাজ করে তো?",
"ভাই,আপনি বুঝতে ভুল হচ্চে..পোস্ট টিক এ কোর্সে..",
"ভাই,আপনার নিয়মে ৪টা রেফার হ্যাক করছি,,র হচ্ছে না,,প্লিজ হেল্প",
"ভাই,,পাইসেন ফোন তা?",
"ভাই,,ইটা সারা জীবন থাকবে তো?",
"ভাই,,,,,,ইউটুবে ভিপিন মোডেড করার একটা ভিডিওস দেন,,,,,,",
"ভাই,, এইটা সকল আপডেট (জে২ বা এর থেকে নিউ) স্যামসুং মোবাইল এই এই অপশনস আচে…",
"ভাই,, কম্পিউটার দিয়ে কিভাবে বানাবেন…..",
"ভাই,,",
"ভাই, উইফি হ্যাক নিয়ে একটা",
"ভাই, ভোকাল ভালো মতো কাটে তো? নাকি কিসু থেকে যায়?",
"ভাই, ভিদমাতে নিয়ে পোস্ট করুন প্লিজ. আমরা ভিদমাতে উসে করতে পারছি না.",
"ভাই, ভিডিওদের আ ই’দ লগইন",
"ভাই, ভালো না লাগলে, রিপোর্ট করে দিলেই তো হয়, সবার সামনে রাইটার ক, এভাবে অপমান করার মানে কি?",
"ভাই, আনলিমিটেড নম্বর পাওয়ার কোনো প্রসেস আসে নাকি ? ই মিন, টেক্সটনও, ২ন্ড লাইন এসব আপ্প দিয়ে নম্বর নিয়ে রেফার করলে বোনাস পাওয়া যাবে ?",
"ভাই, তোরপি কই পাবো? লিংক দেন",
"ভাই",
"ভাই, সিম্ফনি ভ্৪৯ ললিপপ কিংরুট দিয়ে হাসে না.. এটা কি আগে বুটলোয়াদের আনলক করা লাগবে?",
"ভাই, রেলমে ৬ হেভি উসে, গেমিং করে ২ যেয়ার কবে???",
"ভাই, রেলমে ৩ তে হবে???",
"ভাই, রেলমে ৩ এর তা দেন????",
